Workbook

Sheet Executive Dashboard
A1: INDIA VOLUNTEER & SOCIAL IMPACT OPPORTUNITY EXPLORER | P1: Social Impact Sector | Q1: Count | S1: Opportunity Type | T1: Count | V1: Work Mode | W1: Count | Y1: Current Status | Z1: Count | AB1: Compensation | AC1: Count
P2: Education | Q2: 2 | S2: Internship | T2: 7 | V2: Remote | W2: 4 | Y2: Open | Z2: 1 | AB2: Confirmed paid | AC2: 1
A3: Indian Foundations & NGOs Only | Student Opportunity Research | Prepared for InAmigos Foundation | P3: Education & Child Nutrition | Q3: 2 | S3: Volunteer Programme | T3: 9 | V3: Hybrid | W3: 1 | Y3: Upcoming | Z3: 0 | AB3: Unpaid / volunteer | AC3: 8
P4: Education & Digital Inclusion | Q4: 1 | S4: Community Development | T4: =COUNTIF('Opportunity Database'!$E$2:$E$17,S4) -> 3 | V4: On-site | W4: 8 | Y4: Closed | Z4: 0 | AB4: Not specified / other | AC4: 7
A5: KEY PERFORMANCE INDICATORS | P5: Education & Inclusion | Q5: 1 | S5: Education | T5: =COUNTIF('Opportunity Database'!$E$2:$E$17,S5) -> 2 | V5: Unspecified | W5: 0 | Y5: Unverified | Z5: 15 | AB5: Not specified / other | AC5: =COUNTA('Opportunity Database'!A2:A17)-COUNTIF('Opportunity Database'!M2:M17,"Paid*")-COUNTIF('Opportunity Database'!M2:M17,"₹*")-COUNTIF('Opportunity Database'!M2:M17,"Unpaid*") -> 7
A6: Total opportunities researched | D6: Verified open opportunities | G6: Volunteer programmes | J6: Internships | M6: Fellowships | P6: Environment & Sustainability | Q6: 1 | S6: Education & Child Nutrition | T6: =COUNTIF('Opportunity Database'!$E$2:$E$17,S6) -> 2 | V6: Unverified | W6: =COUNTIF('Opportunity Database'!$K$2:$K$17,V6) -> 3 | Y6: Unverified | Z6: =COUNTIF('Opportunity Database'!$O$2:$O$17,Y6) -> 15
A7: =COUNTA('Opportunity Database'!A2:A17) -> 16 | D7: =COUNTIF('Opportunity Database'!O2:O17,"Open") -> 1 | G7: =COUNTIF('Opportunity Database'!D2:D17,"Volunteer Programme") -> 9 | J7: =COUNTIF('Opportunity Database'!D2:D17,"Internship") -> 7 | M7: =COUNTIF('Opportunity Database'!D2:D17,"Fellowship") -> 0 | P7: Food Security & Community Welfare | Q7: 1 | S7: Education & Digital Inclusion | T7: =COUNTIF('Opportunity Database'!$E$2:$E$17,S7) -> 1
P8: Fundraising & NGO Operations | Q8: 2 | S8: Education & Inclusion | T8: =COUNTIF('Opportunity Database'!$E$2:$E$17,S8) -> 1
A9: Confirmed paid / stipend records | D9: Remote opportunities | G9: Announced deadlines | J9: Distinct organizations | M9: Needs further verification | P9: Legal Aid & Social Development | Q9: 1 | S9: Environment & Sustainability | T9: =COUNTIF('Opportunity Database'!$E$2:$E$17,S9) -> 1
A10: =COUNTIF('Opportunity Database'!M2:M17,"Paid*")+COUNTIF('Opportunity Database'!M2:M17,"₹*") -> 1 | D10: =COUNTIF('Opportunity Database'!K2:K17,"Remote") -> 4 | G10: =COUNTIFS('Opportunity Database'!N2:N17,">0",'Opportunity Database'!O2:O17,"<>Closed") -> 0 | J10: =SUMPRODUCT(('Opportunity Database'!B2:B17<>"")/COUNTIF('Opportunity Database'!B2:B17,'Opportunity Database'!B2:B17&"")) -> 6 | M10: =COUNTIF('Opportunity Database'!O2:O17,"Unverified") -> 15 | S10: Food Security & Community Welfare | T10: =COUNTIF('Opportunity Database'!$E$2:$E$17,S10) -> 1
S11: Fundraising & NGO Operations | T11: =COUNTIF('Opportunity Database'!$E$2:$E$17,S11) -> 2
S12: Legal Aid & Social Development | T12: =COUNTIF('Opportunity Database'!$E$2:$E$17,S12) -> 1
S13: Livelihoods & Community Development | T13: =COUNTIF('Opportunity Database'!$E$2:$E$17,S13) -> 1
H42: RESEARCH SCOPE NOTE
H43: This version includes only India-based foundations/NGOs and their official programme pages. No international foundation records or government internship portals are included. Many records are programme pathways rather than confirmed live vacancies; check the official page before applying.

Sheet Opportunity Database
A1: Opportunity ID | B1: Organization Name | C1: Opportunity / Programme Title | D1: Opportunity Type | E1: Social Impact Sector | F1: Description | G1: Eligibility Criteria | H1: Required Qualifications / Skills | I1: Target Age Group | J1: Location | K1: Work Mode | L1: Duration | M1: Stipend / Compensation | N1: Application Deadline | O1: Current Status | P1: Direct Application Link | Q1: Official Source URL | R1: Date Verified | S1: Additional Notes
A2: IVO-001 | B2: InAmigos Foundation | C2: Project SEVA – Food Distribution Volunteer | D2: Volunteer Programme | E2: Food Security & Community Welfare | F2: Support food distribution activities and related community outreach. The official page lists this as a current volunteer opportunity. | G2: Apply through the foundation's volunteer page and confirm local activity details. | H2: Community service and reliability; role-specific requirements not stated. | I2: Not specified | J2: Nationwide | K2: On-site | L2: Varies by activity | M2: Not specified | N2: Not announced | O2: Unverified | P2: https://inamigos-foundation-website.vercel.app/volunteer | Q2: https://inamigos-foundation-website.vercel.app/volunteer | R2: 46293 | S2: Official page lists Project SEVA; specific local slots and current intake not independently confirmed.
A3: IVO-002 | B3: InAmigos Foundation | C3: Project PRAKRITI – Plantation Drive Volunteer | D3: Volunteer Programme | E3: Environment & Sustainability | F3: Participate in plantation drives listed by the foundation across multiple cities. | G3: Register through the foundation's volunteer page; confirm local drive date and location. | H3: Interest in environmental activities; other requirements not stated. | I3: Not specified | J3: Multiple cities | K3: On-site | L3: Monthly (as described on page; reconfirm) | M3: Not specified | N3: Not announced | O3: Unverified | P3: https://inamigos-foundation-website.vercel.app/volunteer | Q3: https://inamigos-foundation-website.vercel.app/volunteer | R3: 46293 | S3: Official page lists Project PRAKRITI; next event date and current capacity need confirmation.
A4: IVO-003 | B4: InAmigos Foundation | C4: Project BACHPANSHALA – Teaching Volunteer | D4: Volunteer Programme | E4: Education | F4: Support teaching activities at local centres through the foundation's volunteer programme. | G4: Register through the official volunteer page and confirm centre-level requirements. | H4: Interest in education and working with children; exact requirements not stated. | I4: Not specified | J4: Local centres | K4: On-site | L4: Flexible (as described on page; reconfirm) | M4: Not specified | N4: Not announced | O4: Unverified | P4: https://inamigos-foundation-website.vercel.app/volunteer | Q4: https://inamigos-foundation-website.vercel.app/volunteer | R4: 46293 | S4: Official page lists Project BACHPANSHALA; centre openings and safeguarding requirements should be confirmed.
A5: IVO-004 | B5: Akshaya Patra Foundation | C5: Online Cyber Advocate | D5: Volunteer Programme | E5: Education & Child Nutrition | F5: Promote the foundation's work online by sharing official campaigns and awareness material. | G5: Use the official volunteering page/form or contact listed there. | H5: Access to online channels and willingness to share official information. | I5: Not specified | J5: Remote / online activity explicitly described | K5: Remote | L5: Flexible | M5: Unpaid / volunteer programme | N5: Not announced | O5: Unverified | P5: https://www.akshayapatra.org/volunteering-opportunities | Q5: https://www.akshayapatra.org/volunteering-opportunities | R5: 46293 | S5: Official page describes online volunteering; confirm current onboarding steps.
A6: IVO-005 | B6: Akshaya Patra Foundation | C6: Guest Blogger / Blogging Volunteer | D6: Volunteer Programme | E6: Education & Child Nutrition | F6: Contribute blog content or guest posts to help communicate the foundation's work. | G6: Contact the foundation through the official volunteering page. | H6: Writing and communication skills are relevant; editorial requirements not specified. | I6: Not specified | J6: Online contribution described | K6: Remote | L6: Flexible | M6: Unpaid / volunteer programme | N6: Not announced | O6: Unverified | P6: https://www.akshayapatra.org/volunteering-opportunities | Q6: https://www.akshayapatra.org/volunteering-opportunities | R6: 46293 | S6: A volunteer pathway on the official page, not a salaried content role.
A7: IVO-006 | B7: Akshaya Patra Foundation | C7: Social Media Volunteer | D7: Volunteer Programme | E7: Communications & Fundraising | F7: Help amplify official campaigns and content through personal or community social channels. | G7: Register/contact using the official volunteering page. | H7: Social media familiarity and responsible sharing of official material. | I7: Not specified | J7: Online activity described | K7: Remote | L7: Flexible | M7: Unpaid / volunteer programme | N7: Not announced | O7: Unverified | P7: https://www.akshayapatra.org/volunteering-opportunities | Q7: https://www.akshayapatra.org/volunteering-opportunities | R7: 46293 | S7: Confirm current volunteer intake and any campaign-specific instructions.
A8: IVO-007 | B8: Akshaya Patra Foundation | C8: Online Fundraising Campaign Volunteer | D8: Volunteer Programme | E8: Fundraising & NGO Operations | F8: Create or share fundraising campaigns through the foundation's official platform to support its meal programmes. | G8: Use the official volunteering page and follow the foundation's fundraising process. | H8: Communication and community outreach; follow official fundraising rules. | I8: Not specified | J8: Online campaign activity described | K8: Remote | L8: Campaign-dependent | M8: Unpaid / volunteer programme | N8: Not announced | O8: Unverified | P8: https://www.akshayapatra.org/volunteering-opportunities | Q8: https://www.akshayapatra.org/volunteering-opportunities | R8: 46293 | S8: Confirm approval process and use only official donation/fundraising links.
A9: IVO-008 | B9: Goonj | C9: Community Warriors Internship | D9: Internship | E9: Community Development | F9: Short-format engagement introducing school students to Goonj's work and community initiatives. | G9: Use the official internship page; submit the requested application details. | H9: Official page says Grade 9–12 students can apply; check current cohort instructions. | I9: School students (Grades 9–12) | J9: Multiple Goonj locations / activity-dependent | K9: On-site | L9: 3 or 6 weeks (tracks described on page) | M9: Unpaid | N9: Not announced | O9: Unverified | P9: https://goonj.org/internship/ | Q9: https://goonj.org/internship/ | R9: 46293 | S9: Official page describes tracks and durations; current cohort availability not confirmed.
A10: IVO-009 | B10: Goonj | C10: Social Internship for College Students | D10: Internship | E10: Community Development | F10: On-ground social-sector exposure through Goonj initiatives and operational activities. | G10: Email the organization as directed on the official internship page, including resume, dates, and preferred location. | H10: Undergraduate or postgraduate students; ability to commit to the stated schedule. | I10: College students / UG or PG | J10: Delhi, Bengaluru, Chennai, Hyderabad, Dehradun, Kolkata, Kochi, Mumbai and field locations | K10: Unverified | L10: Minimum 1 month; page describes full-time schedule | M10: Unpaid | N10: Not announced | O10: Unverified | P10: https://goonj.org/internship/ | Q10: https://goonj.org/internship/ | R10: 46293 | S10: Official page describes eligibility and unpaid status; confirm dates and location with Goonj.
A11: IVO-010 | B11: Goonj | C11: Joy of Sharing Month (JSM) Internship | D11: Internship | E11: Fundraising & NGO Operations | F11: Support campaign planning, outreach, volunteer engagement, stakeholder coordination, documentation, awareness and resource drives. | G11: Apply through the form linked on Goonj's official internship page. | H11: Interest in campaign execution, communication, documentation or community work; detailed selection criteria apply. | I11: Young people / college students (as described on page) | J11: Location and mode to be confirmed with Goonj | K11: Unverified | L11: 3 months (subject to review, per page) | M11: Not specified on this programme section | N11: Not announced | O11: Unverified | P11: https://goonj.org/internship/ | Q11: https://goonj.org/internship/ | R11: 46293 | S11: Programme described on official page; confirm next intake, compensation, and application link.
A12: IVO-011 | B12: Goonj | C12: Paid Urban Internship | D12: Internship | E12: Community Development | F12: Internship focused on urban-rural development and hands-on work across Goonj's initiatives. | G12: Use the application link on the official internship page and follow its selection process. | H12: Interest in social change and community development; role-specific criteria not fully stated. | I12: Not specified | J12: Goonj office / location to be confirmed | K12: On-site | L12: 3 months (as described on page) | M12: Paid (official page labels it paid; amount not specified) | N12: Not announced | O12: Unverified | P12: https://goonj.org/internship/ | Q12: https://goonj.org/internship/ | R12: 46293 | S12: Amount, exact eligibility, work mode and current intake require confirmation.
A13: IVO-012 | B13: Pratham Education Foundation | C13: Intern – Inclusive Education Team | D13: Internship | E13: Education & Inclusion | F13: Support educational content development, programme implementation documentation, engagement tracking and basic data compilation/reporting. | G13: Official role page links to the application form. | H13: UG/PG students in Education, Social Work, Psychology, Development Studies or related fields; documentation and organisation skills; Hindi/English preferred. | I13: UG / PG students | J13: Hybrid, Delhi | K13: Hybrid | L13: 1–2 months; possible extension | M13: Not specified; certificate and recommendation letter listed | N13: Not announced | O13: Open | P13: https://www.pratham.org/2026/07/09/intern-inclusive-education-team/ | Q13: https://www.pratham.org/2026/07/09/intern-inclusive-education-team/ | R13: 46293 | S13: Official listing dated 9 July 2026 and current internship page lists inclusive education among open internships; reconfirm before applying.
... A17: IVO-016 | B17: U&I | C17: Education Volunteer Programme | D17: Volunteer Programme | E17: Education | F17: Volunteer at a local centre to support children's learning, including English, mathematics or life skills. | G17: Apply through the official volunteer page and select a relevant centre/city. | H17: Teaching interest and ability to commit to the centre's schedule; exact criteria vary. | I17: Not specified | J17: Multiple cities / local centres | K17: Unverified | L17: Programme page describes June 2026–March 2027; reconfirm cohort | M17: Unpaid / volunteer programme | N17: Not announced | O17: Unverified | P17: https://www.uandi.org.in/volunteer | Q17: https://www.uandi.org.in/volunteer | R17: 46293 | S17: Official page describes the programme; current seats and location-specific onboarding should be checked.

Sheet Research Sources
A1: Organization Name | B1: Programme Title | C1: Official Source URL | D1: Application URL | E1: Verification Date | F1: Verification Outcome | G1: Notes / Unavailable Information
A2: InAmigos Foundation | B2: Project SEVA – Food Distribution Volunteer | C2: https://inamigos-foundation-website.vercel.app/volunteer | D2: https://inamigos-foundation-website.vercel.app/volunteer | E2: 46293 | F2: Unverified | G2: Official page lists Project SEVA; specific local slots and current intake not independently confirmed.
A3: InAmigos Foundation | B3: Project PRAKRITI – Plantation Drive Volunteer | C3: https://inamigos-foundation-website.vercel.app/volunteer | D3: https://inamigos-foundation-website.vercel.app/volunteer | E3: 46293 | F3: Unverified | G3: Official page lists Project PRAKRITI; next event date and current capacity need confirmation.
A4: InAmigos Foundation | B4: Project BACHPANSHALA – Teaching Volunteer | C4: https://inamigos-foundation-website.vercel.app/volunteer | D4: https://inamigos-foundation-website.vercel.app/volunteer | E4: 46293 | F4: Unverified | G4: Official page lists Project BACHPANSHALA; centre openings and safeguarding requirements should be confirmed.
A5: Akshaya Patra Foundation | B5: Online Cyber Advocate | C5: https://www.akshayapatra.org/volunteering-opportunities | D5: https://www.akshayapatra.org/volunteering-opportunities | E5: 46293 | F5: Unverified | G5: Official page describes online volunteering; confirm current onboarding steps.
A6: Akshaya Patra Foundation | B6: Guest Blogger / Blogging Volunteer | C6: https://www.akshayapatra.org/volunteering-opportunities | D6: https://www.akshayapatra.org/volunteering-opportunities | E6: 46293 | F6: Unverified | G6: A volunteer pathway on the official page, not a salaried content role.
A7: Akshaya Patra Foundation | B7: Social Media Volunteer | C7: https://www.akshayapatra.org/volunteering-opportunities | D7: https://www.akshayapatra.org/volunteering-opportunities | E7: 46293 | F7: Unverified | G7: Confirm current volunteer intake and any campaign-specific instructions.
A8: Akshaya Patra Foundation | B8: Online Fundraising Campaign Volunteer | C8: https://www.akshayapatra.org/volunteering-opportunities | D8: https://www.akshayapatra.org/volunteering-opportunities | E8: 46293 | F8: Unverified | G8: Confirm approval process and use only official donation/fundraising links.
A9: Goonj | B9: Community Warriors Internship | C9: https://goonj.org/internship/ | D9: https://goonj.org/internship/ | E9: 46293 | F9: Unverified | G9: Official page describes tracks and durations; current cohort availability not confirmed.
A10: Goonj | B10: Social Internship for College Students | C10: https://goonj.org/internship/ | D10: https://goonj.org/internship/ | E10: 46293 | F10: Unverified | G10: Official page describes eligibility and unpaid status; confirm dates and location with Goonj.
A11: Goonj | B11: Joy of Sharing Month (JSM) Internship | C11: https://goonj.org/internship/ | D11: https://goonj.org/internship/ | E11: 46293 | F11: Unverified | G11: Programme described on official page; confirm next intake, compensation, and application link.
A12: Goonj | B12: Paid Urban Internship | C12: https://goonj.org/internship/ | D12: https://goonj.org/internship/ | E12: 46293 | F12: Unverified | G12: Amount, exact eligibility, work mode and current intake require confirmation.
A13: Pratham Education Foundation | B13: Intern – Inclusive Education Team | C13: https://www.pratham.org/2026/07/09/intern-inclusive-education-team/ | D13: https://www.pratham.org/2026/07/09/intern-inclusive-education-team/ | E13: 46293 | F13: Open | G13: Official listing dated 9 July 2026 and current internship page lists inclusive education among open internships; reconfirm before applying.
... A17: U&I | B17: Education Volunteer Programme | C17: https://www.uandi.org.in/volunteer | D17: https://www.uandi.org.in/volunteer | E17: 46293 | F17: Unverified | G17: Official page describes the programme; current seats and location-specific onboarding should be checked.
A19: Methodology
A20: Scope | B20: India-based foundations and NGOs only. International foundation records and government internship portals were excluded.
A21: Verification date | B21: 28 September 2026
A22: Method | B22: Official programme pages were used to record opportunities or structured volunteering pathways. Where an official page did not prove a live vacancy, status remains Unverified.
A23: Status definitions | B23: Open = official source indicates a current vacancy; Upcoming = an official future window is published; Closed = verified expired cycle; Unverified = live intake could not be confirmed.
A24: Limitations | B24: This is a curated convenience sample, not a census of opportunities in India. Some entries are distinct programme pathways hosted on the same foundation page, not separate job vacancies. Stipend, work mode, deadline, and eligibility are left unspecified when the official page does not support them.
A25: Student safety | B25: Recheck the official page before applying. Confirm duties, schedule, compensation, location, safeguarding, and selection steps directly with the foundation.

Sheet Insights & Findings
A1: INSIGHTS & FINDINGS
A4: Executive Summary
A5: This India-only sample includes 16 opportunity pathways from Indian foundations and NGOs. It combines volunteering and internships across education, community development, food security, environment, fundraising and digital inclusion. Availability is deliberately conservative: only one listing is marked Open based on an official page, while most records require confirmation of current intake. This is a starting list, not a claim about the whole Indian social-impact sector.
A9: Finding | B9: Evidence / calculation | C9: Interpretation / action
A10: Coverage target reached | B10: 16 distinct programme pathways from India-based foundations/NGOs. | C10: The workbook now meets the minimum 15-record target; several are pathways rather than live vacancies.
A11: Internship pathways are represented | B11: =COUNTIF('Opportunity Database'!D2:D17,"Internship") -> 7 | C11: Check eligibility and duration carefully; some programmes have student-level or location constraints.
A12: Volunteer pathways are represented | B12: =COUNTIF('Opportunity Database'!D2:D17,"Volunteer Programme") -> 9 | C12: Ask about time commitment, supervision, and child/community safeguarding where relevant.
A13: Only one record is marked Open | B13: =COUNTIF('Opportunity Database'!O2:O17,"Open") -> 1 | C13: This status is limited to the Pratham Inclusive Education internship listing; reconfirm before applying.
A14: Most records need a fresh availability check | B14: =COUNTIF('Opportunity Database'!O2:O17,"Unverified") -> 15 | C14: Unverified does not mean closed. It means the official page did not conclusively establish current intake.
A15: Deadlines are mostly not announced | B15: =COUNTIF('Opportunity Database'!N2:N17,"Not announced") -> 16 | C15: Contact the foundation or check its official page for the next cohort and deadline.
A16: Compensation varies by programme | B16: =COUNTIF('Opportunity Database'!M2:M17,"Unpaid*") -> 8 | C16: Volunteer roles and unpaid internships should not be treated as paid work; confirm written terms.
A17: The sample is not nationally representative | B17: All records come from a curated set of official foundation/NGO pages. | C17: Use it as a practical starting list, not as an estimate of all opportunities in India.
A20: Actionable Recommendations for Students
A21: 1. Start with the official programme page and confirm that applications are currently being accepted.
A22: 2. Check eligibility, location, duration, weekly hours, deadline, and stipend before committing.
A23: 3. For teaching or child-facing roles, ask about safeguarding, supervision, and any required checks.
A24: 4. Keep a tracker of application date, contact person, response, and follow-up date.
A25: 5. Do not assume a missing stipend means a role is paid; obtain written confirmation.
